<?xml version="1.0" encoding="UTF-8" ?>
<!DOCTYPE mapper PUBLIC "-//mybatis.org//DTD Mapper 3.0//EN" "http://mybatis.org/dtd/mybatis-3-mapper.dtd" >
<mapper namespace="pers.lishbo.adao.RoleInfoBeanDao" >
  <resultMap id="BaseResultMap" type="pers.lishbo.abean.RoleInfoBean" >
    <id column="id" property="id" jdbcType="INTEGER" />
    <result column="code" property="code" jdbcType="INTEGER" />
    <result column="name" property="name" jdbcType="VARCHAR" />
    <result column="isuse" property="isuse" jdbcType="SMALLINT" />
  </resultMap>
  <sql id="Base_Column_List" >
    id, code, name, isuse
  </sql>
  <select id="selectByPrimaryKey" resultMap="BaseResultMap" parameterType="java.lang.Integer" >
    select 
    <include refid="Base_Column_List" />
    from d_role
    where id = #{id,jdbcType=INTEGER}
  </select>
  <delete id="deleteByPrimaryKey" parameterType="java.lang.Integer" >
    delete from d_role
    where id = #{id,jdbcType=INTEGER}
  </delete>
  <insert id="insert" parameterType="pers.lishbo.abean.RoleInfoBean" >
    insert into d_role (id, code, name, 
      isuse)
    values (#{id,jdbcType=INTEGER}, #{code,jdbcType=INTEGER}, #{name,jdbcType=VARCHAR}, 
      #{isuse,jdbcType=SMALLINT})
  </insert>
  <insert id="insertSelective" parameterType="pers.lishbo.abean.RoleInfoBean" >
    insert into d_role
    <trim prefix="(" suffix=")" suffixOverrides="," >
      <if test="id != null" >
        id,
      </if>
      <if test="code != null" >
        code,
      </if>
      <if test="name != null" >
        name,
      </if>
      <if test="isuse != null" >
        isuse,
      </if>
    </trim>
    <trim prefix="values (" suffix=")" suffixOverrides="," >
      <if test="id != null" >
        #{id,jdbcType=INTEGER},
      </if>
      <if test="code != null" >
        #{code,jdbcType=INTEGER},
      </if>
      <if test="name != null" >
        #{name,jdbcType=VARCHAR},
      </if>
      <if test="isuse != null" >
        #{isuse,jdbcType=SMALLINT},
      </if>
    </trim>
  </insert>
  <update id="updateByPrimaryKeySelective" parameterType="pers.lishbo.abean.RoleInfoBean" >
    update d_role
    <set >
      <if test="code != null" >
        code = #{code,jdbcType=INTEGER},
      </if>
      <if test="name != null" >
        name = #{name,jdbcType=VARCHAR},
      </if>
      <if test="isuse != null" >
        isuse = #{isuse,jdbcType=SMALLINT},
      </if>
    </set>
    where id = #{id,jdbcType=INTEGER}
  </update>
  <update id="updateByPrimaryKey" parameterType="pers.lishbo.abean.RoleInfoBean" >
    update d_role
    set code = #{code,jdbcType=INTEGER},
      name = #{name,jdbcType=VARCHAR},
      isuse = #{isuse,jdbcType=SMALLINT}
    where id = #{id,jdbcType=INTEGER}
  </update>
</mapper>