<?xml version="1.0" encoding="UTF-8" ?>
<!DOCTYPE mapper PUBLIC "-//mybatis.org//DTD Mapper 3.0//EN" "http://mybatis.org/dtd/mybatis-3-mapper.dtd" >
<mapper namespace="pers.lishbo.adao.SysUrlBeanDAO" >
  <resultMap id="BaseResultMap" type="pers.lishbo.abean.SysUrlBean" >
    <id column="id" property="id" jdbcType="INTEGER" />
    <result column="code" property="code" jdbcType="CHAR" />
    <result column="url" property="url" jdbcType="VARCHAR" />
    <result column="url_desc" property="urlDesc" jdbcType="VARCHAR" />
    <result column="isuse" property="isuse" jdbcType="TINYINT" />
  </resultMap>
  <sql id="Base_Column_List" >
    id, code, url, url_desc, isuse
  </sql>
  <select id="selectByPrimaryKey" resultMap="BaseResultMap" parameterType="java.lang.Integer" >
    select 
    <include refid="Base_Column_List" />
    from statement_sys_url_t
    where id = #{id,jdbcType=INTEGER}
  </select>
  <delete id="deleteByPrimaryKey" parameterType="java.lang.Integer" >
    delete from statement_sys_url_t
    where id = #{id,jdbcType=INTEGER}
  </delete>
  <insert id="insert" parameterType="pers.lishbo.abean.SysUrlBean" >
    insert into statement_sys_url_t (id, code, url, url_desc, 
      isuse)
    values (#{id,jdbcType=INTEGER}, #{code,jdbcType=CHAR}, #{url,jdbcType=VARCHAR}, #{urlDesc,jdbcType=VARCHAR}, 
      #{isuse,jdbcType=TINYINT})
  </insert>
  <insert id="insertSelective" parameterType="pers.lishbo.abean.SysUrlBean" >
    insert into statement_sys_url_t
    <trim prefix="(" suffix=")" suffixOverrides="," >
      <if test="id != null" >
        id,
      </if>
      <if test="code != null" >
        code,
      </if>
      <if test="url != null" >
        url,
      </if>
      <if test="urlDesc != null" >
        url_desc,
      </if>
      <if test="isuse != null" >
        isuse,
      </if>
    </trim>
    <trim prefix="values (" suffix=")" suffixOverrides="," >
      <if test="id != null" >
        #{id,jdbcType=INTEGER},
      </if>
      <if test="code != null" >
        #{code,jdbcType=CHAR},
      </if>
      <if test="url != null" >
        #{url,jdbcType=VARCHAR},
      </if>
      <if test="urlDesc != null" >
        #{urlDesc,jdbcType=VARCHAR},
      </if>
      <if test="isuse != null" >
        #{isuse,jdbcType=TINYINT},
      </if>
    </trim>
  </insert>
  <update id="updateByPrimaryKeySelective" parameterType="pers.lishbo.abean.SysUrlBean" >
    update statement_sys_url_t
    <set >
      <if test="code != null" >
        code = #{code,jdbcType=CHAR},
      </if>
      <if test="url != null" >
        url = #{url,jdbcType=VARCHAR},
      </if>
      <if test="urlDesc != null" >
        url_desc = #{urlDesc,jdbcType=VARCHAR},
      </if>
      <if test="isuse != null" >
        isuse = #{isuse,jdbcType=TINYINT},
      </if>
    </set>
    where id = #{id,jdbcType=INTEGER}
  </update>
  <update id="updateByPrimaryKey" parameterType="pers.lishbo.abean.SysUrlBean" >
    update statement_sys_url_t
    set code = #{code,jdbcType=CHAR},
      url = #{url,jdbcType=VARCHAR},
      url_desc = #{urlDesc,jdbcType=VARCHAR},
      isuse = #{isuse,jdbcType=TINYINT}
    where id = #{id,jdbcType=INTEGER}
  </update>
</mapper>