<?xml version="1.0" encoding="UTF-8" ?>
<!DOCTYPE mapper PUBLIC "-//mybatis.org//DTD Mapper 3.0//EN" "http://mybatis.org/dtd/mybatis-3-mapper.dtd" >
<mapper namespace="pers.lishbo.adao.UserDao">
<!-- <mapper namespace="pers.lishbo.adao.UserDAO" > -->
<!--若存在UserMapper.java,则namespace配置为pers.lishbo.amapper.map.UserMapper -->
  <resultMap id="BaseResultMap" type="pers.lishbo.abean.User" >
    <result column="id" property="id" jdbcType="VARCHAR" />
    <result column="username" property="username" jdbcType="VARCHAR" />
    <result column="age" property="age" jdbcType="VARCHAR" />
  </resultMap>
  <insert id="insert" parameterType="pers.lishbo.abean.User" >
    insert into d_user (id, username, age
      )
    values (#{id,jdbcType=VARCHAR}, #{username,jdbcType=VARCHAR}, #{age,jdbcType=VARCHAR}
      )
  </insert>
  <insert id="insertSelective" parameterType="pers.lishbo.abean.User" >
    insert into d_user
    <trim prefix="(" suffix=")" suffixOverrides="," >
      <if test="id != null" >
        id,
      </if>
      <if test="username != null" >
        username,
      </if>
      <if test="age != null" >
        age,
      </if>
    </trim>
    <trim prefix="values (" suffix=")" suffixOverrides="," >
      <if test="id != null" >
        #{id,jdbcType=VARCHAR},
      </if>
      <if test="username != null" >
        #{username,jdbcType=VARCHAR},
      </if>
      <if test="age != null" >
        #{age,jdbcType=VARCHAR},
      </if>
    </trim>
  </insert>
  <select id="findAge" parameterType="java.lang.String" resultType="java.lang.String">
  	select age from d_user where id=#{0}
  </select>
  
   <select id="getAllUserInfo"  resultType="java.util.Map">
  	select age from d_user
  </select>
</mapper>